{"v":"5.5.9","fr":60,"ip":0,"op":180,"w":24,"h":24,"nm":"tag animation","ddd":0,"assets":[],"layers":[{"ddd":0,"ind":1,"ty":3,"nm":"RESIZER","sr":1,"ks":{"o":{"a":0,"k":0,"ix":11},"r":{"a":0,"k":0,"ix":10},"p":{"a":0,"k":[12,12,0],"ix":2},"a":{"a":0,"k":[0,0,0],"ix":1},"s":{"a":0,"k":[75,75,100],"ix":6}},"ao":0,"ip":0,"op":180,"st":0,"bm":0},{"ddd":0,"ind":2,"ty":4,"nm":"Front","parent":1,"sr":1,"ks":{"o":{"a":0,"k":100,"ix":11},"r":{"a":1,"k":[{"i":{"x":[0.34],"y":[1]},"o":{"x":[0.66],"y":[0]},"t":0,"s":[0]},{"i":{"x":[0.34],"y":[1]},"o":{"x":[0.66],"y":[0]},"t":23,"s":[-6]},{"i":{"x":[0.34],"y":[1]},"o":{"x":[0.66],"y":[0]},"t":46,"s":[19]},{"t":78,"s":[0]}],"ix":10},"p":{"a":0,"k":[-2.375,-6.625,0],"ix":2},"a":{"a":0,"k":[-2.375,-6.625,0],"ix":1},"s":{"a":0,"k":[100,100,100],"ix":6}},"ao":0,"shapes":[{"ty":"gr","it":[{"ind":0,"ty":"sh","ix":1,"ks":{"a":0,"k":{"i":[[0,0],[-0.059,0.269],[-0.27,-0.059],[0,0],[-0.283,-0.475],[0,0],[0.908,-0.581],[0,0],[0.037,-0.022],[0.557,0.95],[0,0],[-0.236,0.143],[-0.143,-0.236],[-0.992,-1.634],[-0.478,0.277],[0,0],[0,0],[0.274,0.464],[0,0],[0.27,0.059]],"o":[[-0.269,-0.059],[0.059,-0.269],[0,0],[0.541,0.118],[0,0],[0.549,0.928],[0,0],[-0.036,0.023],[-0.952,0.554],[0,0],[-0.143,-0.236],[0.236,-0.143],[1.641,2.702],[0.277,0.478],[0,0],[0,0],[0.454,-0.29],[0,0],[-0.142,-0.238],[0,0]],"v":[[-2.108,-8.349],[-2.489,-8.944],[-1.895,-9.326],[4.238,-7.985],[5.529,-7.055],[11.601,3.14],[10.958,5.844],[2.548,11.22],[2.476,11.265],[-0.254,10.548],[-2.881,6.221],[-2.713,5.534],[-2.026,5.702],[0.606,10.038],[1.973,10.4],[2.009,10.378],[10.419,5.002],[10.741,3.65],[4.67,-6.543],[4.025,-7.008]],"c":true},"ix":2},"nm":"Path 1","mn":"ADBE Vector Shape - Group","hd":false},{"ind":1,"ty":"sh","ix":2,"ks":{"a":0,"k":{"i":[[0,0],[0,0],[0.086,-0.157],[0.179,-0.004],[0.093,0.153],[0,0],[-0.089,0.154],[-0.178,-0.002],[-0.086,-0.156]],"o":[[0,0],[0.093,0.153],[-0.086,0.157],[-0.179,0.004],[0,0],[-0.091,-0.153],[0.089,-0.154],[0.178,0.002],[0,0]],"v":[[-3.218,3.739],[-2.921,4.227],[-2.91,4.727],[-3.338,4.986],[-3.776,4.746],[-4.073,4.227],[-4.076,3.73],[-3.644,3.483],[-3.218,3.739]],"c":true},"ix":2},"nm":"Path 2","mn":"ADBE Vector Shape - Group","hd":false},{"ind":2,"ty":"sh","ix":3,"ks":{"a":0,"k":{"i":[[0.366,0.471],[0,0],[-0.15,-0.248],[0,0],[0.236,-0.143],[0.143,0.236],[0,0],[-0.177,0.552],[0,0],[1.688,0.129],[-0.006,-0.212],[-1.371,-0.612],[0.113,-0.252],[0.252,0.113],[0.026,0.888],[-1.017,0],[-1.089,-2.846],[0.258,-0.099],[0.099,0.258]],"o":[[0,0],[-0.089,0.276],[0,0],[0.143,0.236],[-0.236,0.143],[0,0],[-0.301,-0.495],[0,0],[-1.178,-1.216],[-0.52,0],[0.012,0.396],[0.252,0.113],[-0.113,0.252],[-1.685,-0.753],[-0.026,-0.883],[2.672,0],[0.099,0.258],[-0.258,0.099],[-0.218,-0.555]],"v":[[-3.779,-8.047],[-5.908,-1.357],[-5.811,-0.532],[-4.15,2.203],[-4.318,2.89],[-5.005,2.722],[-6.665,-0.013],[-6.86,-1.662],[-4.552,-8.913],[-9,-11],[-9.82,-10.577],[-7.796,-8.957],[-7.543,-8.296],[-8.204,-8.043],[-10.819,-10.548],[-9,-12],[-1.965,-6.856],[-2.253,-6.211],[-2.899,-6.499]],"c":true},"ix":2},"nm":"Path 3","mn":"ADBE Vector Shape - Group","hd":false},{"ty":"fl","c":{"a":0,"k":[0.282352954149,0.282352954149,0.282352954149,1],"ix":4},"o":{"a":0,"k":100,"ix":5},"r":1,"bm":0,"nm":"Fill 1","mn":"ADBE Vector Graphic - Fill","hd":false},{"ty":"tr","p":{"a":0,"k":[0,0],"ix":2},"a":{"a":0,"k":[0,0],"ix":1},"s":{"a":0,"k":[100,100],"ix":3},"r":{"a":0,"k":0,"ix":6},"o":{"a":0,"k":100,"ix":7},"sk":{"a":0,"k":0,"ix":4},"sa":{"a":0,"k":0,"ix":5},"nm":"Transform"}],"nm":"Front","np":4,"cix":2,"bm":0,"ix":1,"mn":"ADBE Vector Group","hd":false}],"ip":0,"op":180,"st":0,"bm":0},{"ddd":0,"ind":3,"ty":4,"nm":"Percent","parent":4,"sr":1,"ks":{"o":{"a":0,"k":100,"ix":11},"r":{"a":0,"k":0,"ix":10},"p":{"a":0,"k":[0,0,0],"ix":2},"a":{"a":0,"k":[0,0,0],"ix":1},"s":{"a":0,"k":[100,100,100],"ix":6}},"ao":0,"shapes":[{"ty":"gr","it":[{"ind":0,"ty":"sh","ix":1,"ks":{"a":0,"k":{"i":[[0.414,0],[0,0.414],[-0.414,0],[0,-0.414]],"o":[[-0.414,0],[0,-0.414],[0.414,0],[0,0.414]],"v":[[-0.5,1.25],[-1.25,0.5],[-0.5,-0.25],[0.25,0.5]],"c":true},"ix":2},"nm":"Path 1","mn":"ADBE Vector Shape - Group","hd":false},{"ind":1,"ty":"sh","ix":2,"ks":{"a":0,"k":{"i":[[0.966,0],[0,-0.966],[-0.966,0],[0,0.966]],"o":[[-0.966,0],[0,0.966],[0.966,0],[0,-0.966]],"v":[[-0.5,-1.25],[-2.25,0.5],[-0.5,2.25],[1.25,0.5]],"c":true},"ix":2},"nm":"Path 2","mn":"ADBE Vector Shape - Group","hd":false},{"ind":2,"ty":"sh","ix":3,"ks":{"a":0,"k":{"i":[[0.099,-0.345],[0,0],[0.225,-0.056],[0.161,0.167],[-0.064,0.223],[0,0],[-0.345,-0.099]],"o":[[0,0],[-0.064,0.223],[-0.225,0.056],[-0.161,-0.167],[0,0],[0.099,-0.345],[0.345,0.099]],"v":[[4.125,-1.821],[2.125,5.179],[1.658,5.631],[1.033,5.452],[0.875,4.821],[2.875,-2.179],[3.679,-2.625]],"c":true},"ix":2},"nm":"Path 3","mn":"ADBE Vector Shape - Group","hd":false},{"ind":3,"ty":"sh","ix":4,"ks":{"a":0,"k":{"i":[[0.414,0],[0,0.414],[-0.414,0],[0,-0.414]],"o":[[-0.414,0],[0,-0.414],[0.414,0],[0,0.414]],"v":[[5.5,3.25],[4.75,2.5],[5.5,1.75],[6.25,2.5]],"c":true},"ix":2},"nm":"Path 4","mn":"ADBE Vector Shape - Group","hd":false},{"ind":4,"ty":"sh","ix":5,"ks":{"a":0,"k":{"i":[[0.966,0],[0,-0.966],[-0.966,0],[0,0.966]],"o":[[-0.966,0],[0,0.966],[0.966,0],[0,-0.966]],"v":[[5.5,0.75],[3.75,2.5],[5.5,4.25],[7.25,2.5]],"c":true},"ix":2},"nm":"Path 5","mn":"ADBE Vector Shape - Group","hd":false},{"ty":"fl","c":{"a":0,"k":[1,1,1,1],"ix":4},"o":{"a":0,"k":100,"ix":5},"r":1,"bm":0,"nm":"Fill 1","mn":"ADBE Vector Graphic - Fill","hd":false},{"ty":"tr","p":{"a":0,"k":[0,0],"ix":2},"a":{"a":0,"k":[0,0],"ix":1},"s":{"a":0,"k":[100,100],"ix":3},"r":{"a":0,"k":0,"ix":6},"o":{"a":0,"k":100,"ix":7},"sk":{"a":0,"k":0,"ix":4},"sa":{"a":0,"k":0,"ix":5},"nm":"Transform"}],"nm":"Group 1","np":6,"cix":2,"bm":0,"ix":1,"mn":"ADBE Vector Group","hd":false}],"ip":0,"op":180,"st":0,"bm":0},{"ddd":0,"ind":4,"ty":4,"nm":"Tag","parent":2,"sr":1,"ks":{"o":{"a":0,"k":100,"ix":11},"r":{"a":0,"k":0,"ix":10},"p":{"a":0,"k":[0,0,0],"ix":2},"a":{"a":0,"k":[0,0,0],"ix":1},"s":{"a":0,"k":[100,100,100],"ix":6}},"ao":0,"shapes":[{"ty":"gr","it":[{"ind":0,"ty":"sh","ix":1,"ks":{"a":0,"k":{"i":[[0.573,-0.001],[0.162,0.388],[-0.297,0.298],[-0.388,-0.161],[0,-0.42]],"o":[[-0.42,0.001],[-0.162,-0.388],[0.297,-0.298],[0.388,0.161],[0.001,0.573]],"v":[[-2.432,-5.423],[-3.393,-6.062],[-3.17,-7.195],[-2.038,-7.421],[-1.396,-6.462]],"c":true},"ix":2},"nm":"Path 1","mn":"ADBE Vector Shape - Group","hd":false},{"ind":1,"ty":"sh","ix":2,"ks":{"a":0,"k":{"i":[[0.29,0.497],[0,0],[0.282,0.069],[0,0],[0.272,-0.704],[0,0],[-0.236,-0.396],[0,0],[-0.275,-0.07],[-0.244,0.146],[0,0],[0,0]],"o":[[0,0],[-0.146,-0.251],[0,0],[-0.733,-0.18],[0,0],[-0.166,0.43],[0,0],[0.146,0.244],[0.276,0.07],[0,0],[0,0],[0.486,-0.309]],"v":[[9.48,3.359],[3.368,-7.108],[2.698,-7.608],[-3.741,-9.186],[-5.498,-8.269],[-8.039,-1.681],[-7.928,-0.373],[-1.565,10.302],[-0.907,10.792],[-0.096,10.674],[-0.069,10.658],[9.13,4.804]],"c":true},"ix":2},"nm":"Path 2","mn":"ADBE Vector Shape - Group","hd":false},{"ty":"fl","c":{"a":0,"k":[1,0.705882352941,0,1],"ix":4},"o":{"a":0,"k":100,"ix":5},"r":1,"bm":0,"nm":"Fill 1","mn":"ADBE Vector Graphic - Fill","hd":false},{"ty":"tr","p":{"a":0,"k":[0,0],"ix":2},"a":{"a":0,"k":[0,0],"ix":1},"s":{"a":0,"k":[100,100],"ix":3},"r":{"a":0,"k":0,"ix":6},"o":{"a":0,"k":100,"ix":7},"sk":{"a":0,"k":0,"ix":4},"sa":{"a":0,"k":0,"ix":5},"nm":"Transform"}],"nm":"Group 1","np":3,"cix":2,"bm":0,"ix":1,"mn":"ADBE Vector Group","hd":false}],"ip":0,"op":180,"st":0,"bm":0},{"ddd":0,"ind":5,"ty":4,"nm":"Back","parent":2,"sr":1,"ks":{"o":{"a":0,"k":100,"ix":11},"r":{"a":1,"k":[{"i":{"x":[0.833],"y":[0.833]},"o":{"x":[0.167],"y":[0.167]},"t":45,"s":[-23]},{"t":61,"s":[0]}],"ix":10},"p":{"a":0,"k":[-2.569,-6.421,0],"ix":2},"a":{"a":0,"k":[-2.569,-6.421,0],"ix":1},"s":{"a":0,"k":[100,100,100],"ix":6}},"ao":0,"shapes":[{"ty":"gr","it":[{"ind":0,"ty":"sh","ix":1,"ks":{"a":0,"k":{"i":[[0,0],[0,0],[-0.07,-0.488],[0,0],[-0.275,0.038],[0,0],[-0.04,-0.274],[0.08,-0.106],[0.132,-0.018],[0,0],[0.12,0.824],[0,0],[-0.606,0.555],[0,0],[-0.188,-0.204],[0.005,-0.133],[0.098,-0.09]],"o":[[0,0],[-0.363,0.333],[0,0],[0.04,0.275],[0,0],[0.275,-0.038],[0.019,0.132],[-0.08,0.106],[0,0],[-0.825,0.113],[0,0],[-0.116,-0.813],[0,0],[0.205,-0.187],[0.091,0.097],[-0.005,0.133],[0,0]],"v":[[-6.806,-6.353],[-9.301,-4.066],[-9.77,-2.754],[-8.093,9.018],[-7.524,9.445],[-3.463,8.882],[-2.894,9.309],[-2.99,9.681],[-3.32,9.874],[-7.382,10.437],[-9.088,9.154],[-10.766,-2.617],[-9.984,-4.804],[-7.488,-7.091],[-6.778,-7.061],[-6.645,-6.701],[-6.806,-6.353]],"c":true},"ix":2},"nm":"Path 1","mn":"ADBE Vector Shape - Group","hd":false},{"ty":"fl","c":{"a":0,"k":[0.282352954149,0.282352954149,0.282352954149,1],"ix":4},"o":{"a":0,"k":100,"ix":5},"r":1,"bm":0,"nm":"Fill 1","mn":"ADBE Vector Graphic - Fill","hd":false},{"ty":"tr","p":{"a":0,"k":[0,0],"ix":2},"a":{"a":0,"k":[0,0],"ix":1},"s":{"a":0,"k":[100,100],"ix":3},"r":{"a":0,"k":0,"ix":6},"o":{"a":0,"k":100,"ix":7},"sk":{"a":0,"k":0,"ix":4},"sa":{"a":0,"k":0,"ix":5},"nm":"Transform"}],"nm":"Back","np":2,"cix":2,"bm":0,"ix":1,"mn":"ADBE Vector Group","hd":false}],"ip":0,"op":180,"st":0,"bm":0},{"ddd":0,"ind":6,"ty":4,"nm":"Star","parent":2,"sr":1,"ks":{"o":{"a":0,"k":100,"ix":11},"r":{"a":1,"k":[{"i":{"x":[0.74],"y":[1]},"o":{"x":[0.4],"y":[0.8]},"t":49,"s":[-139]},{"t":75,"s":[0]}],"ix":10},"p":{"a":1,"k":[{"i":{"x":0.48,"y":1},"o":{"x":0.007,"y":1},"t":48,"s":[0.487,2.934,0],"to":[1.002,-2.072,0],"ti":[-1.002,2.072,0]},{"t":63,"s":[6.5,-9.5,0]}],"ix":2},"a":{"a":0,"k":[0,0,0],"ix":1},"s":{"a":0,"k":[100,100,100],"ix":6}},"ao":0,"shapes":[{"ty":"gr","it":[{"ind":0,"ty":"sh","ix":1,"ks":{"a":0,"k":{"i":[[0,0.276],[-0.276,0],[0,0],[0,0],[-0.276,0],[0,-0.276],[0,0],[0,0],[0,-0.276],[0.276,0],[0,0],[0,0],[0.276,0],[0,0.276],[0,0],[0,0]],"o":[[0,-0.276],[0,0],[0,0],[0,-0.276],[0.276,0],[0,0],[0,0],[0.276,0],[0,0.276],[0,0],[0,0],[0,0.276],[-0.276,0],[0,0],[0,0],[-0.276,0]],"v":[[-1.5,0],[-1,-0.5],[-0.5,-0.5],[-0.5,-1],[0,-1.5],[0.5,-1],[0.5,-0.5],[1,-0.5],[1.5,0],[1,0.5],[0.5,0.5],[0.5,1],[0,1.5],[-0.5,1],[-0.5,0.5],[-1,0.5]],"c":true},"ix":2},"nm":"Path 1","mn":"ADBE Vector Shape - Group","hd":false},{"ty":"fl","c":{"a":0,"k":[1,0.705882352941,0,1],"ix":4},"o":{"a":0,"k":100,"ix":5},"r":1,"bm":0,"nm":"Fill 1","mn":"ADBE Vector Graphic - Fill","hd":false},{"ty":"tr","p":{"a":0,"k":[0,0],"ix":2},"a":{"a":0,"k":[0,0],"ix":1},"s":{"a":0,"k":[100,100],"ix":3},"r":{"a":0,"k":0,"ix":6},"o":{"a":0,"k":100,"ix":7},"sk":{"a":0,"k":0,"ix":4},"sa":{"a":0,"k":0,"ix":5},"nm":"Transform"}],"nm":"Group 1","np":2,"cix":2,"bm":0,"ix":1,"mn":"ADBE Vector Group","hd":false}],"ip":0,"op":180,"st":0,"bm":0},{"ddd":0,"ind":7,"ty":4,"nm":"Dot","parent":2,"sr":1,"ks":{"o":{"a":0,"k":100,"ix":11},"r":{"a":0,"k":0,"ix":10},"p":{"a":1,"k":[{"i":{"x":0.48,"y":1},"o":{"x":0.007,"y":1},"t":48,"s":[2.487,5.934,0],"to":[1.002,-2.072,0],"ti":[-1.002,2.072,0]},{"t":63,"s":[8.5,-6.5,0]}],"ix":2},"a":{"a":0,"k":[0,0,0],"ix":1},"s":{"a":0,"k":[100,100,100],"ix":6}},"ao":0,"shapes":[{"ty":"gr","it":[{"ind":0,"ty":"sh","ix":1,"ks":{"a":0,"k":{"i":[[0,0.276],[-0.276,0],[0,-0.276],[0.276,0]],"o":[[0,-0.276],[0.276,0],[0,0.276],[-0.276,0]],"v":[[-0.5,0],[0,-0.5],[0.5,0],[0,0.5]],"c":true},"ix":2},"nm":"Path 1","mn":"ADBE Vector Shape - Group","hd":false},{"ty":"fl","c":{"a":0,"k":[1,0.705882352941,0,1],"ix":4},"o":{"a":0,"k":100,"ix":5},"r":1,"bm":0,"nm":"Fill 1","mn":"ADBE Vector Graphic - Fill","hd":false},{"ty":"tr","p":{"a":0,"k":[0,0],"ix":2},"a":{"a":0,"k":[0,0],"ix":1},"s":{"a":0,"k":[100,100],"ix":3},"r":{"a":0,"k":0,"ix":6},"o":{"a":0,"k":100,"ix":7},"sk":{"a":0,"k":0,"ix":4},"sa":{"a":0,"k":0,"ix":5},"nm":"Transform"}],"nm":"Group 1","np":2,"cix":2,"bm":0,"ix":1,"mn":"ADBE Vector Group","hd":false}],"ip":0,"op":180,"st":0,"bm":0}],"markers":[]}